Model,RMSE
Linear Regression,1069.097895420921
Ridge Regression,1069.1297851360894
Lasso Regression,1069.1459399421744
Random Forest,1097.9727521644484
XGBoost,1147.2465722095153
